{
  "trainingPhrases": [ {
    "id": "e2271167-1ae6-4ef1-8cdb-c9c8680a469a",
    "parts": [ {
      "text": "just going to say hi",
      "auto": true
    } ],
    "repeatCount": 1,
    "languageCode": "en"
  }, {
    "id": "047c1146-298a-4ab4-a3e1-a1f6979a1a60",
    "parts": [ {
      "text": "heya",
      "auto": true
    } ],
    "repeatCount": 1,
    "languageCode": "en"
  }, {
    "id": "19c94e51-9ec1-4f6e-a7d7-3f82dce158e7",
    "parts": [ {
      "text": "hello hi",
      "auto": true
    } ],
    "repeatCount": 1,
    "languageCode": "en"
  }, {
    "id": "a1e283bd-9cce-484c-b1c3-ccf4ba79e6c2",
    "parts": [ {
      "text": "howdy",
      "auto": true
    } ],
    "repeatCount": 1,
    "languageCode": "en"
  }, {
    "id": "fda1d285-2fca-49c3-aed2-a1d45c234be2",
    "parts": [ {
      "text": "hey there",
      "auto": true
    } ],
    "repeatCount": 1,
    "languageCode": "en"
  }, {
    "id": "8d55edd6-a648-48ca-a290-dd3b4580e15e",
    "parts": [ {
      "text": "hi there",
      "auto": true
    } ],
    "repeatCount": 2,
    "languageCode": "en"
  }, {
    "id": "ec81bc7b-2c47-448f-881d-e332a0054966",
    "parts": [ {
      "text": "greetings",
      "auto": true
    } ],
    "repeatCount": 1,
    "languageCode": "en"
  }, {
    "id": "1761f97d-48bc-4cbd-ab44-9157458372b8",
    "parts": [ {
      "text": "hey",
      "auto": true
    } ],
    "repeatCount": 1,
    "languageCode": "en"
  }, {
    "id": "787de022-4268-4fb3-bd01-220ae8ce3bd1",
    "parts": [ {
      "text": "long time no see",
      "auto": true
    } ],
    "repeatCount": 1,
    "languageCode": "en"
  }, {
    "id": "406235cb-5b2a-4687-a74b-4f6457a42799",
    "parts": [ {
      "text": "hello",
      "auto": true
    } ],
    "repeatCount": 1,
    "languageCode": "en"
  }, {
    "id": "e1c47cab-81ab-45a8-97ee-d91a537ff9de",
    "parts": [ {
      "text": "lovely day isn't it",
      "auto": true
    } ],
    "repeatCount": 1,
    "languageCode": "en"
  }, {
    "id": "c3f966bb-5be7-42f9-ae1a-d2c809086541",
    "parts": [ {
      "text": "I greet you",
      "auto": true
    } ],
    "repeatCount": 1,
    "languageCode": "en"
  }, {
    "id": "2449f520-4a97-4f18-b4df-e3905d9f0163",
    "parts": [ {
      "text": "hello again",
      "auto": true
    } ],
    "repeatCount": 1,
    "languageCode": "en"
  }, {
    "id": "9bcc904b-c1b4-47c4-a199-95c23f635557",
    "parts": [ {
      "text": "hi",
      "auto": true
    } ],
    "repeatCount": 1,
    "languageCode": "en"
  }, {
    "id": "589fdb82-37a5-4502-b32f-bd69497955b3",
    "parts": [ {
      "text": "hello there",
      "auto": true
    } ],
    "repeatCount": 1,
    "languageCode": "en"
  }, {
    "id": "f6902483-192a-4dc8-a7c2-b86e25052986",
    "parts": [ {
      "text": "a good day",
      "auto": true
    } ],
    "repeatCount": 1,
    "languageCode": "en"
  } ]
}
